{"cameraMode":{"drawMode":0,"name":"Shaded","section":"Shading Mode"},"sceneLighting":true,"audioPlay":false,"sceneViewState":{"showFog":true,"showMaterialUpdate":true,"showSkybox":false,"showFlares":true,"showImageEffects":true,"showParticleSystems":true},"in2DMode":false,"pivot":{"x":-0.03505539521574974,"y":-0.9231176972389221,"z":0.18642884492874146},"rotation":{"x":-0.21373073756694795,"y":-0.00821052398532629,"z":0.0018011035863310099,"w":-0.9768663644790649},"size":12.076480865478516,"orthographic":false}